{
  "version": "2023.1",
  "applications": [],
  "platforms": [],
  "systems": [
    {
      "name": "final_test_system",
      "platform": "/home/dvd/workspace/design_1_wrapper/export/design_1_wrapper/design_1_wrapper.xpfm",
      "sysConfig": "design_1_wrapper",
      "buildConfig": "Hardware",
      "applications": [
        {
          "name": "final_test",
          "platform": "/home/dvd/workspace/design_1_wrapper/export/design_1_wrapper/design_1_wrapper.xpfm",
          "platformPath": "/home/dvd/workspace/design_1_wrapper/export/design_1_wrapper",
          "sysConfig": "design_1_wrapper",
          "domain": "standalone_ps7_cortexa9_0",
          "system": "final_test_system"
        }
      ],
      "platformPath": "/home/dvd/workspace/design_1_wrapper/export/design_1_wrapper"
    }
  ],
  "others": []
}